Country Name,Country Code,NY.GDP.MKTP.CD,NY.GDP.PCAP.CD,SP.POP.1564.TO.ZS,SP.POP.0014.TO.ZS,SP.POP.65UP.TO.ZS,SP.POP.TOTL.FE.ZS,SP.POP.TOTL.MA.ZS,SP.POP.TOTL,SI.POV.GAPS,SI.POV.UMIC.GP,SH.IMM.MEAS,SH.IMM.IDPT,SG.GEN.PARL.ZS,EN.ATM.CO2E.PC,EN.ATM.METH.KT.CE,EN.ATM.GHGT.KT.CE,SH.H2O.SMDW.ZS,SH.H2O.SMDW.UR.ZS,SH.H2O.BASW.RU.ZS
Afghanistan,AFG,19955929060.841003,512.0550982286875,53.7751348360726,43.8079121491391,2.41695301478831,49.4709437976734,50.5290587682563,38972230,NA,NA,66,70,27.0161290322581,0.2234788720070676,16222.03596,31119.04539,28.4025051496417,35.5936042154667,69.8851732779974
Albania,ALB,15162734205.246202,5343.037703995597,67.7063681600196,16.4715191611974,15.822112678783,49.9880530854607,50.0119469145393,2837849,0,3.2,91,98,29.5081967213115,1.5445501152457373,2692.195886,8304.29494,70.6745374149515,NA,94.0913580589588
Algeria,DZA,145743542982.62775,3354.1531637159264,63.3354472530466,30.647082668821,6.01747007813233,49.0631751611089,50.9368248388911,43451666,NA,NA,80,84,25.7575757575758,3.718223370307596,86543.92362,266702.6795,72.2481473302903,74.5317100302898,90.0375379064358
American Samoa,ASM,721000000,15609.77721968434,65.3478100846522,28.1982723159194,6.45391759942843,50.3756305613891,49.6243694386109,46189,NA,NA,NA,NA,NA,NA,NA,NA,89.8545469094066,NA,NA
Andorra,AND,2891002460.2915344,37207.23887119092,72.470398970399,13.3346203346203,14.1949806949807,49.014157014157,50.984555984556,77700,NA,NA,98,99,46.4285714285714,5.7771479922779925,53.600959,577.573639,90.6399986650032,NA,100
Angola,AGO,48501561230.00098,1450.9051121848886,52.1034231104574,45.3066016809735,2.58997520856912,50.5885579143489,49.4114420856511,33428486,NA,NA,44,51,30,0.5927429677790373,32703.23811,70781.0562,NA,NA,27.8082266100648
Antigua and Barbuda,ATG,1410796296.2962961,15224.858589056117,71.1128377795044,19.082383665717,9.80477855477855,52.2619355952689,47.7380644047311,92664,NA,NA,89,96,11.1111111111111,5.121730121730122,204.865822,1203.631334,NA,NA,98.3489563398159
Argentina,ARG,385740508436.9652,8500.837938505336,64.6161477991667,23.6563980592251,11.7274541416082,50.4907514942702,49.5092485057298,45376763,0.4,5,77,74,40.8560311284047,3.4056175404138016,131035.6894,361433.0173,NA,NA,NA
Armenia,ARM,12641698583.215239,4505.8677417569525,67.2487804339059,20.3433230260031,12.407896540091,54.893520406272,45.1065152366261,2805608,0.1,14.1,94,91,23.4848484848485,2.404683761951064,2319.921617,10422.04117,82.6858187854657,NA,100
Aruba,ABW,2558906303.8809776,24008.12782174769,67.7120031524284,17.3510219591029,14.9369748884688,52.8901815452456,47.108880236431,106585,NA,NA,NA,NA,NA,NA,NA,NA,NA,NA,NA
Australia,AUS,1330381544909.3044,51868.24755678234,65.2246788528912,18.5417282291673,16.2335929179415,50.3771496207779,49.6228464836318,25649248,NA,NA,93,95,30.4635761589404,14.776136906625878,131484.7632,571903.1199,NA,99.5693262416794,100
Austria,AUT,435049316955.73663,48789.49784988721,66.4473526896778,14.4032175479921,19.1494297623302,50.7974773055051,49.2025226944949,8916864,0.6,0.8,95,85,39.344262295082,6.632645737335458,6863.078458,71017.8287,98.9006430846756,NA,100
Azerbaijan,AZE,42693000000,4229.910649045028,69.3043797680709,24.2241066583594,6.47151357356977,50.629993278529,49.370006721471,10093121,NA,NA,82,79,17.3553719008264,3.39884957289227,15733.13101,55351.99383,70.6733099660733,92.275,91.6567214544672
"Bahamas, The",BHS,9754600000,23998.268019120675,71.5545862379035,20.1664815368359,8.27893222526057,52.1476316883615,47.8523683116385,406471,NA,NA,87,83,12.8205128205128,6.042251476735117,223.17922,2801.144379,NA,NA,NA
Bahrain,BHR,34621807712.76596,23433.187236257385,76.5039063425358,20.298970739826,3.1971229176382,37.702246206181,62.297753793819,1477469,NA,NA,99,98,15,21.97690780652589,17641.43403,54151.41004,98.9039755631804,NA,NA
Bangladesh,BGD,373902197869.1603,2233.3059012976237,67.3848587426339,26.9821786730329,5.6329625843332,50.3863079836406,49.6136914190626,167420951,NA,NA,97,98,20.9169054441261,0.5106475592770943,88903.99717,206570.3527,58.6559977739333,52.9795575873029,98.0539376197978
Barbados,BRB,4738800000,16882.50152301625,67.4705104865458,17.3732512032719,15.1562383101823,52.0729052737332,47.9270947262668,280693,NA,NA,89,85,20,3.9048711581692452,2359.570952,3656.467698,NA,NA,NA
Belarus,BLR,61371755326.2351,6542.864539843605,66.6075394079797,16.8397311511557,16.5527294408646,53.8599339405049,46.1400660594951,9379952,0,0.2,97,97,40,5.842407295900875,17079.26291,87868.32147,92.9371107737105,NA,97.3488613255374
Belgium,BEL,526264230147.3945,45609.00349361105,63.9988837297645,16.7934968825779,19.2076193876575,50.6365360785081,49.3634639214919,11538604,0,0.1,96,97,41.3333333333333,7.398130657746813,7974.086619,100063.4878,99.7228120895798,NA,100
Belize,BLZ,2047727810.06777,5185.158069760205,66.4179246202717,28.7764246221708,4.80565075755753,49.6582860875973,50.3417139124027,394921,NA,NA,82,79,9.67741935483871,1.741107715213929,514.044829,1573.319685,NA,NA,97.9952075788972
Benin,BEN,15686741893.518715,1240.7331553698177,54.1984761201801,42.712662844457,3.08886103536286,49.9271184817232,50.0728815182768,12643123,NA,NA,65,72,7.2289156626506,0.6312048059644757,4029.619412,16190.53196,NA,NA,60.0251710113601
Bermuda,BMU,6887147000,107791.88643513374,66.048211399255,14.9296038606602,19.0221847400848,51.6812169105589,48.318783089441,63893,NA,NA,NA,NA,NA,NA,NA,NA,NA,NA,NA
Bhutan,BTN,2457604042.763637,3181.3397472170277,70.4416535276102,23.5262897634452,6.03205670894466,47.0027417262779,52.9973877225549,772506,NA,NA,93,95,14.8936170212766,1.3400543167302261,451.523887,1630.8557,69.1371586760932,54.879916795038,98.7992145038461
Bolivia,BOL,36629843806.07815,3068.812555164562,63.6195579450078,31.4020327472097,4.9784093077825204,49.7972966519724,50.2026949701252,11936162,0.8,6.6,74,68,46.1538461538462,1.5394646956031595,26597.78542,55203.08943,NA,NA,78.8505683878323
Bosnia and Herzegovina,BIH,20226036564.412888,6095.10423658487,67.3330957695822,14.9240411251481,17.7428631052696,50.7940406345575,49.2059593654425,3318407,NA,NA,61,72,26.1904761904762,6.312305874475313,3660.954549,26053.3501,88.1388818873342,NA,97.3333333333333
Botswana,BWA,14960291541.175995,5875.070605967163,63.2807584976763,33.1708818953174,3.54835960700628,50.6476982031902,49.3523017968098,2546402,NA,NA,87,95,10.7692307692308,2.2634631138367,3434.49382,12374.76398,NA,73.0023802454249,79.4656010563879
Brazil,BRA,1476107231194.106,6923.699911768198,69.8744739258577,20.8347709462045,9.29075512793776,50.8531400244162,49.1468595065325,213196304,0.7,6.3,79,77,14.6198830409357,1.942523356314845,449213.973,1064709.126,85.9216178835864,87.8867466956476,95.9452595331207
British Virgin Islands,VGB,NA,NA,75.0452927855063,15.8799741184083,9.07473309608541,51.7955354254287,48.2044645745713,30910,NA,NA,NA,NA,NA,NA,NA,NA,NA,NA,NA
Brunei Darussalam,BRN,12005799653.983503,27179.352886939847,71.8948440771973,22.6386326334258,5.46652328937687,48.2309128982965,51.7690871017035,441725,NA,NA,99,99,9.09090909090909,21.70581243986643,1538.873884,11914.03262,NA,NA,NA
Bulgaria,BGR,70368758395.14104,10148.342395443482,63.7158377398358,14.0190362054997,22.2651260546645,51.4945677676803,48.5054179039786,6934015,0.1,1.6,88,91,26.6666666666667,4.923280379405005,6980.496622,46492.85461,95.9670764054634,NA,97.530845658894
Burkina Faso,BFA,17725010530.7894,823.5524108809677,53.0010650187389,44.4375212392763,2.56141374198483,50.1984469738962,49.8015530261038,21522626,NA,NA,88,91,6.2992125984252,0.2535331887475069,15408.27314,32262.81629,NA,NA,34.4439672192795
Burundi,BDI,2649680261.439981,216.8274174808685,50.812998433376,46.7202796936702,2.46672187295383,50.3560776735162,49.6439141433297,12220227,23.5,67.6,90,93,38.2113821138211,0.0583840218352736,1258.19152,4102.678292,NA,NA,57.6857652687347
Cabo Verde,CPV,1821565613.6861308,3126.3998587225915,67.5885624056021,27.0430282850474,5.36840930935054,50.2703212961692,49.7296787038308,582640,NA,NA,95,93,25,1.0651517231909928,93.207601,791.61071,NA,NA,81.3378971329
Cambodia,KHM,25872797891.766376,1577.911739916446,65.1018681289629,29.6255402063096,5.27259166472753,50.5056090007477,49.494397097981,16396860,NA,NA,83,87,20,1.13758365931038,17836.42554,42363.17878,27.903766635715,56.4348653486799,71.0356281926965
Cameroon,CMR,40773241177.05051,1539.1305451924457,54.6378496027334,42.625165638261,2.73698475900564,50.1318047085044,49.8681915166411,26491087,NA,NA,62,69,33.8888888888889,0.37478265803135974,17797.74545,93348.64392,NA,NA,50.7632215328682
Canada,CAN,1655684730000.1936,43562.43583118493,66.1132110479891,15.8683623523158,18.0184265996951,50.3109383126185,49.6890616873815,38007166,NA,NA,90,92,28.9940828402367,13.599374917877329,100143.3855,677709.2227,99.0389461917976,NA,99.0604958994334
Cayman Islands,CYM,5647224988.899956,83897.50544338897,75.5825614131525,16.8896383179444,7.52780026890307,49.5758494154002,50.4241505845998,67311,NA,NA,NA,NA,NA,NA,NA,NA,NA,NA,NA
Central African Republic,CAF,2326720900.380474,435.4692478000221,49.3126920730224,48.2084382989396,2.47886962803808,49.9893318759802,50.0106681240197,5343020,NA,NA,41,42,8.57142857142857,0.04428207268548499,10108.5047,21016.37573,6.18331816252162,11.5154472128522,28.1065941505663
Chad,TCD,10715396042.334282,643.7722156940087,50.1506320194447,47.8167301468278,2.03263783372745,49.8036342016597,50.1963657983403,16644701,NA,NA,47,52,15.4320987654321,0.0942281870969025,59438.92298,89558.45681,6.15788313789912,17.4604292005777,43.025410963671
Channel Islands,CHI,9811538461.538462,57339.52687135671,68.3947695229747,15.3054277156841,16.2998027613412,50.5662957595026,49.4337042404974,171113,NA,NA,NA,NA,NA,NA,NA,NA,NA,NA,NA
Chile,CHL,254258196269.73492,13173.784794172267,68.9855520229994,18.6188701743694,12.3955778026311,50.3637272241412,49.6362727758588,19300315,0.9,3.4,91,93,22.5806451612903,4.39515106359663,11795.5356,106722.3342,98.7713706847373,99.4218210533229,100
China,CHN,14687744162801.033,10408.719554107458,69.3766175836562,18.0251204603043,12.5982619560395,48.9102011406413,51.0897989295376,1411100000,0,5.9,99,99,24.9411764705882,7.756137906597689,1186285.181,12942868.34,NA,97.4811723181191,92.0572362780044
Colombia,COL,270150956772.5698,5304.289128866414,69.6053276353906,21.9223616028949,8.47231076171452,50.6395832828562,49.3604186805976,50930662,4.5,19,90,88,18.3431952662722,1.5522594228207756,77156.40012,186999.3355,73.413231097311,81.1191353719545,85.5034889680072
Comoros,COM,1225039195.9374163,1519.586779816336,57.1953543066812,38.4706127522123,4.33403294110642,49.7742400448543,50.2257599551457,806166,NA,NA,90,91,16.6666666666667,0.4071121828506784,236.81787,619.946774,NA,NA,NA
"Congo, Dem. Rep.",COD,48716961860.13249,524.6666862114951,50.505358382266,46.4939302095622,3.00071140817177,50.388360487102,49.6116405898672,92853164,40.3,76.3,62,70,12.8,0.03258478084817874,35684.20937,56120.40776,11.1856662910631,23.9091930769611,14.4875001592332
"Congo, Rep.",COG,11468608530.20379,2011.2694790098988,55.6804211867263,41.6719395093871,2.64763930388655,50.061993899169,49.938006100831,5702174,NA,NA,68,73,11.2582781456954,1.2545916697736688,9957.260368,19421.77959,45.8968960933344,58.6264037537507,45.7244131772314
Costa Rica,CRI,62395610760.39118,12179.256673519512,68.8812253506419,20.9004500200562,10.218324629302,49.9400851631969,50.0599148368031,5123105,0.9,7,95,97,45.6140350877193,1.35999554957394,4650.441149,14405.0866,80.5160465668615,80.38785,99.64625
Cote d'Ivoire,CIV,62982768371.62078,2349.069882004177,55.4807930488641,42.110374911366,2.40883203976997,49.4714041845024,50.5285958154976,26811790,NA,NA,66,75,11.3725490196078,0.4063473568903829,7980.365269,26412.28115,43.6416406173766,58.9593108616158,57.8467514542821
Croatia,HRV,57760024673.935875,14269.908854933165,64.2363882959904,14.192714705704,21.5708969983057,51.3371308674991,48.6628935413849,4047680,0.2,0.8,91,94,31.1258278145695,3.8607053917305714,3668.675985,21379.32606,NA,96.55,NA
Cuba,CUB,107351800000,9499.57250428248,68.5876660008081,15.8605291460758,15.5518048531162,50.2967161851418,49.7032838148582,11300698,NA,NA,98,99,53.2231404958678,2.152769678474728,10377.33169,38558.67367,NA,NA,89.8722475943754
Curacao,CUW,2534327592.49914,16356.093325454121,68.0400552595641,17.7131732778272,14.2467714626087,52.1290308947213,47.8709691052787,154947,NA,NA,NA,NA,NA,NA,NA,NA,NA,NA,NA
Cyprus,CYP,25227201184.22946,28281.42578125,69.839528030273,16.0060264864808,14.1544454832462,49.9059826090048,50.0940173909952,1237537,0,0.1,86,96,19.6428571428571,5.47199800894842,749.702555,8109.206812,99.7651721581168,NA,99.8457617163815
Czechia,CZE,245974558654.04294,22992.87938333477,63.8732950439863,15.9618120049623,20.1648929510514,50.7405929928659,49.2594070071341,10697858,0,0.1,94,97,22.5,8.304017495838886,12381.5937,108308.4176,97.8824671997283,97.9600240311468,99.8175993035151
Denmark,DNK,354762748338.6615,60836.59241216378,63.6842452186807,16.2688363392114,20.0469184421079,50.266743178991,49.7332739865021,5831404,0.1,0.2,94,97,39.6648044692737,4.691237307516337,7778.773921,41135.55451,99.9188240598864,NA,100
Djibouti,DJI,3185150981.032067,2921.738706232931,64.3514322720785,31.1910864133207,4.45748131460085,50.330961807301,49.66912992269,1090156,NA,NA,62,70,26.1538461538462,0.39232917123787786,659.922854,1394.763044,NA,NA,47.2807329318761
Dominica,DMA,504214814.8148148,7003.469891170425,70.7026231170437,20.1251484488398,9.17222843411649,50.1590388221404,49.8409611778596,71995,NA,NA,92,96,34.375,2.261268143621085,43.872314,230.526372,NA,NA,NA
Dominican Republic,DOM,78844656298.17764,7167.914974328092,65.4116464562757,27.6233677512044,6.96498579251993,49.7486195941985,50.2513713146147,10999664,0.4,6.9,82,82,27.8947368421053,2.080181721914415,9243.113873,37052.66519,44.7787855135927,46.8934862515362,90.8016892406418
Ecuador,ECU,99291124000,5645.199289653324,65.9658726019369,26.4899690256678,7.54415837239534,50.0235976779271,49.9764080075754,17588595,2.1,14.3,81,70,39.4160583941606,1.9575753492533086,27460.31312,68056.47202,66.8266652974836,74.65207,87.0507449515047
"Egypt, Arab Rep.",EGY,383817841547.0992,3571.556906513504,62.0811053006271,33.2101856403026,4.70870905907027,49.4185695613612,50.5814295081045,107465134,NA,NA,94,94,27.4111675126904,1.961122572089288,64402.91925,299778.6515,NA,NA,98.3792867223723
El Salvador,SLV,24930080000,3961.72663347599,65.812244318087,26.083984839015,8.10377084289794,52.3667704848658,47.6332136237827,6292731,NA,NA,74,76,33.3333333333333,1.0132802435063568,3269.495506,11063.80963,NA,79.1437136978763,93.5642319119562
Equatorial Guinea,GNQ,9893816016.146997,6198.942523786549,57.9776241135529,38.8558367743837,3.16653911206332,47.1098318410024,52.8901681589976,1596049,NA,NA,53,53,21,2.7257308516217233,4778.3154269999995,9542.961347,NA,NA,NA
Eritrea,ERI,NA,NA,55.578469167022,40.4249539071754,3.99657692580264,50.6867802741834,49.3132197258166,3555868,NA,NA,93,95,NA,0.19865754296841165,3732.241915,6242.48957,NA,NA,NA
Estonia,EST,31370395572.765846,23595.243683644083,63.3530257761891,16.4657932188193,20.1811810049916,52.6238036352039,47.3762715842111,1329522,0.2,0.6,91,91,28.7128712871287,5.338399815873676,1097.115979,10198.8019,96.9983883839698,NA,100
Eswatini,SWZ,3982236692.552362,3372.904610197189,60.6125836929501,35.4396923741483,3.94772393290165,50.3736485256066,49.6263514743935,1180655,NA,NA,76,83,9.58904109589041,0.9720875276859031,1326.034028,3000.932259,NA,76.8606548436774,63.259315929426
Ethiopia,ETH,107657734392.44585,918.6525940774183,56.5567115524855,40.3131916092025,3.13009683831197,49.7345404201184,50.2654595798816,117190911,NA,NA,60,71,38.7568555758684,0.15443177159020463,94645.58072,167300.0199,12.3362032791012,38.2993310567151,39.2469797166966
Faroe Islands,FRO,3262045883.372933,62234.968680204765,61.510063913002,20.6820566631689,17.8078794238291,48.2400076314032,51.7599923685968,52415,NA,NA,NA,NA,NA,NA,NA,NA,NA,NA,NA
Fiji,FJI,4432466237.0958805,4815.689148125404,65.2739721562501,29.1867751965946,5.53925264715533,49.8187787775607,50.1811125766225,920422,NA,NA,96,99,19.6078431372549,1.1170962884416062,443.648987,1764.367631,41.6106492222705,52.5061479110774,91.1078039367073
Finland,FIN,271886077382.10193,49169.71933884987,61.848581093154,15.6613258273671,22.4900930794789,50.6097512455086,49.3902306695689,5529543,0,0,95,90,46,6.570145127725746,4506.322031,47740.49323,99.6379253571289,NA,100
France,FRA,2647418691598.4507,39179.74425960567,61.4383009269549,17.5521513606696,21.0095477123755,51.6498893076282,48.3501106923718,67571107,0.1,0.2,94,96,39.5147313691508,3.9536824518799136,58451.48747,376006.2454,99.5097812620216,99.7705256723717,100
French Polynesia,PYF,5792545870.806137,19185.697770290597,68.6441253380454,22.1183129940265,9.23756166792804,49.3667196608373,50.6332803391627,301920,NA,NA,NA,NA,NA,NA,NA,NA,83.5158754369211,NA,NA
Gabon,GAB,15314577154.807648,6680.082664677481,59.5682449370206,36.5273646684315,3.90439039454796,49.0170214863387,50.9829785136613,2292573,NA,NA,53,63,14.7887323943662,2.33327357514897,7451.56422,14849.25845,NA,NA,53.1671007517079
"Gambia, The",GMB,1812170891.1906917,704.0304628372206,53.6196068756932,43.9253961254781,2.45499699882867,50.270571621157,49.729428378843,2573995,4.5,39.7,82,85,8.62068965517241,0.23752959893084485,1346.288478,2453.329037,46.4953029971304,67.5739203696824,75.1176550314908
Georgia,GEO,15842922532.720198,4255.742993212536,64.5913526391482,20.9070472172478,14.501600143604,52.9608233012349,47.0391766987651,3722716,1.5,22.3,91,88,20.6666666666667,2.7547091961890193,5133.092908,17669.44862,68.6233933284084,87.9116684771754,88.1221010884292
Germany,DEU,3887727161914.4077,46749.4762280016,64.2847166479732,13.7515489432774,21.9637344087494,50.6588619556978,49.3411380443022,83160871,NA,NA,97,91,31.1706629055007,7.255221028168403,46917.60037,692750.7552,99.9126502107578,99.9877388097144,100
Ghana,GHA,70043095503.6675,2176.5762180423885,59.0128793141378,37.5816131442611,3.40550754160106,50.1208359709377,49.8791640290623,32180401,NA,NA,88,94,13.0909090909091,0.6028874531426752,11847.91345,39070.28751,42.3354561621678,61.567364994894,72.2970930437612
Gibraltar,GIB,NA,NA,62.7268141308834,17.2309950012994,20.0421908678172,50.0535020942248,49.9464979057752,32709,NA,NA,NA,NA,NA,NA,NA,NA,100,100,NA
Greece,GRC,188480337285.6052,17617.29150570137,63.6411991287863,14.177384022727,22.1814168484866,51.0000635450207,48.9999364549793,10698599,0.5,1.6,97,99,21.6666666666667,4.7671849370183885,9405.825274,69283.30669,98.9304415860007,NA,100
Greenland,GRL,3082884653.245599,54693.07668042647,70.1114651102603,20.901716152178,8.98681873756169,47.2923285617392,52.7094563238496,56367,NA,NA,NA,NA,NA,NA,NA,NA,NA,NA,NA
Grenada,GRD,1043411111.111111,8437.536782312503,66.1806684295222,24.1337344233926,9.68559714708522,49.930860483734,50.0683308669529,123663,NA,NA,83,72,46.6666666666667,2.624067020855066,2046.858118,2397.288523,NA,NA,NA
Guam,GUM,5886000000,34780.86166246137,62.3417104431221,26.5480319799564,11.1102575769215,49.5854778379848,50.4145221620152,169231,NA,NA,NA,NA,NA,NA,NA,NA,99.059791733307,NA,NA
Guatemala,GTM,77715183063.2054,4609.897257528689,61.6708840841945,33.4785333299045,4.85058258590094,50.478502271361,49.5215034881059,16858333,NA,NA,88,83,19.375,1.0004073356481926,10598.09932,33165.68015,55.7682368601755,65.3920150823842,89.8823840996066
Guinea,GIN,14177835841.392267,1073.6593390013934,54.5038309856702,42.1093584492871,3.3868105650427,50.6402159823517,49.3597764448469,13205153,NA,NA,47,47,16.6666666666667,0.34364615086247013,16813.30155,29745.6922,NA,NA,56.699222415118
Guinea-Bissau,GNB,1431758231.6852224,710.2581329782215,56.2173707280581,40.9832336885885,2.79939558335334,50.6601753721052,49.3398246278948,2015828,NA,NA,72,74,13.7254901960784,0.16320836896798735,1261.116221,2546.519289,23.5168018782756,36.5948581318292,52.1507072094879
Guyana,GUY,5471256594.72422,6863.074345930166,65.0810585021111,28.8718543104508,6.04708718743806,51.0915677582344,48.9084322417656,797202,NA,NA,98,99,35.7142857142857,3.472771016630666,1846.596396,5282.035926,NA,NA,94.9241072358289
Haiti,HTI,14508222518.301786,1283.1412278593907,62.9240373592833,32.642847758493,4.43311488222377,50.4245807456946,49.57542809854,11306801,NA,NA,65,51,NA,0.28381502424956445,5203.617218,10267.23377,NA,NA,42.8457000950256
Honduras,HND,23827859226.88341,2354.1214338730724,64.8157638150587,31.0670482997873,4.117187885154,49.4852823564432,50.5147176435568,10121763,NA,NA,82,80,21.09375,0.872911171700029,7741.124153,21147.29453,64.3912947937654,78.2312250129976,89.4538581254963
"Hong Kong SAR, China",HKG,344943149590.0583,46109.22999466091,68.995998177566,12.2435835691643,18.7604182532697,53.8434024027331,46.1565842656365,7481000,NA,NA,NA,NA,NA,NA,NA,NA,100,100,NA
Hungary,HUN,157227094449.07394,16125.609408540726,65.3455271472521,14.5570170366919,20.0974558160559,52.0796572673216,47.9203324768708,9750149,0.3,0.9,99,99,12.0603015075377,4.591652907047882,6956.244958,59596.52966,99.1094817093039,99.1538886117773,100
Iceland,ISL,21565767851.143982,58848.41812445999,66.7186208815035,18.7095173030717,14.5718618154248,48.7038718844516,51.2964008410856,366463,NA,NA,93,93,38.0952380952381,3.9474653648526594,515.164553,2653.430657,100,NA,100
India,IND,2671595405986.8584,1913.2197327875097,67.2153464001391,26.1123335319891,6.67232006787184,48.3669367857184,51.6330632142815,1396387127,3.4,40.4,89,85,14.3646408839779,1.5760932319164813,697654.6707,3200820.626,NA,NA,90.3973333881507
Indonesia,IDN,1059054842698.482,3895.618152002246,67.5715448629821,25.7189360206748,6.70951911634314,49.6326773130837,50.3673230547554,271857970,0.5,23.7,76,77,20.3478260869565,2.0716589622147183,333994.9095,976487.6772,29.71391557951,34.3392825116386,86.1644375121245
"Iran, Islamic Rep.",IRN,239735486745.7037,2746.419483179556,68.8998686765412,23.9924771617384,7.1076541617204,49.4388963030475,50.5611025513485,87290193,0.2,8.6,99,99,5.59440559440559,7.06335132057733,174641.9705,844649.4679,93.9526610413941,96.1375970471615,93.7270175840406
Iraq,IRQ,180924091442.95303,4251.337252728084,58.1113990374811,38.4857375993296,3.40286336318926,49.9551518970423,50.0448457531671,42556984,NA,NA,76,74,26.4437689969605,3.842177819743993,85916.97036,261289.5283,59.6644621474606,64.6,94.8311467839767
Ireland,IRL,428608687830.2393,85973.08848755006,65.2778471363103,20.1778202263229,14.5443326373668,50.4598049501033,49.5401748320249,4985382,0.1,0.2,92,94,22.5,6.768227590182657,15252.82463,59497.73471,95.8535366790098,NA,97.0392150757802
Isle of Man,IMN,6684229268.505448,79530.6054839665,62.9998036777698,15.1560761730253,21.8441201492049,50.4664112509816,49.5323989243985,84046,NA,NA,NA,NA,NA,NA,NA,NA,99.0297898821784,NA,NA
Israel,ISR,413267669231.52216,44846.79159548156,59.9569831057177,28.2373276039897,11.8056892902926,50.1654983523245,49.8345130664737,9215100,0.3,1.2,99,98,27.5,6.3452160041670735,9801.47314,83664.06603,99.4999577281581,99.508136862961,100
Italy,ITA,1897461635591.9119,31922.919162618266,63.7699228420107,12.8580060780417,23.3720710799476,51.2812858510167,48.718712468327404,59438851,0.7,1.2,92,94,35.7142857142857,4.732372770799354,43888.65304,352128.8891,92.9673571734084,NA,NA
Jamaica,JAM,13812421803.408361,4897.264750346529,72.1242694612233,20.8331833860409,7.04254715273581,50.3740201869498,49.625944357539,2820436,NA,NA,93,96,28.5714285714286,2.0690418077205086,825.92789,7432.636336,NA,NA,85.3999121605272
Japan,JPN,5055587093501.588,40040.76550559229,58.501114304099,11.9157072442963,29.5831784516048,51.3898980572928,48.6101011442706,126261000,NA,NA,98,96,9.89247311827957,8.031495869666802,25783.31233,1094556.256,98.6111758553163,NA,NA
Jordan,JOR,43700383098.59155,3998.673138292354,63.3290299935372,33.0584933040197,3.61247670244304,48.1112748692185,51.8887342809831,10928721,NA,NA,76,77,11.5384615384615,1.919172426489797,6678.095787,33146.35261,85.7168391097819,NA,96.9763947974879
Kazakhstan,KAZ,171082365861.4229,9121.6364090415609,62.9114923076753,29.2444540596271,7.84405363269757,51.9471930466352,48.0528069533648,18755666,0,2.2,93,88,27.1028037383178,11.297743305942856,69749.45146,294805.9457,89.3346437095975,NA,91.9392523430696
Kenya,KEN,100657505750.545,1936.2507545437425,58.2239085380656,38.9730143512322,2.8030771107022,50.4081731581213,49.5918268418787,51985780,9.7,53.5,88,89,21.7765042979943,0.37407921935575456,37602.48554,80188.01667,NA,NA,51.831707423043
Kiribati,KIR,177553274.58476278,1403.9938526269564,60.1228813056732,36.1914702661242,3.6856484282026,51.3731288993619,48.6268711006381,126463,NA,NA,82,92,8.88888888888889,0.449933972782553,23.209951,88.571671,13.9753467093976,20.0373047133747,58.5512920801519
"Korea, Dem. People's Rep.",PRK,NA,NA,69.8856869132181,19.0133633880735,11.1009496987084,50.601058078087,49.398941921913,25867467,NA,NA,99,97,17.6128093158661,2.02714861876503,18145.48138,76079.90868,66.380897032912,76.9636051655807,88.7536248830462
"Korea, Rep.",KOR,1644312831906.1692,31721.298914185674,72.0045160651504,12.1664146109619,15.8290693238877,50.0401101829329,49.9598917459049,51836239,NA,NA,98,98,19,10.990029581428546,21990.13017,659329.6994,99.1289130840804,NA,NA
Kosovo,XKX,7717145217.812473,4310.934002005702,67.6721143880838,22.6386448542331,9.68924075768309,50.1382057080334,49.8617942919666,1790133,NA,NA,NA,NA,NA,NA,NA,NA,NA,NA,NA
Kuwait,KWT,105948807280.7307,24297.710802095084,75.0417875975718,20.9743066331884,3.98390576923981,38.7433940213428,61.2566059786572,4360444,NA,NA,95,93,6.34920634920635,21.16961025069924,22640.62617,135896.7903,100,100,NA
Kyrgyz Republic,KGZ,8270468614.240511,1256.929226012631,61.3788068061724,34.3532106621858,4.26798253164187,50.8927023315944,49.1072976684056,6579900,0.2,23.3,92,87,16.5217391304348,1.379975379565039,4864.996701,16093.54198,76.3385372917454,91.84967,85.7707186151589
Lao PDR,LAO,18981800705.079376,2593.355097198469,64.347093251782,31.3743314171013,4.27857533111667,49.5884156609033,50.4115843390967,7319399,NA,NA,79,79,27.5167785234899,2.6202834413044025,8011.314315,30491.44478,17.6819038152423,26.987436862545,78.472959421611293
Latvia,LVA,34390910338.9604,18096.202707339373,62.9495923148127,15.6502562923947,21.4001513927926,53.7645778818925,46.2354221181075,1900449,0.2,0.9,99,99,30,3.645612168492814,1952.810529,11436.59559,96.5399613194845,NA,98.5805896627032
Lebanon,LBN,31712128253.796097,5599.957522607335,62.8148605574488,27.8350661102874,9.3500733322638,51.4688085993753,48.5312090593497,5662923,NA,NA,74,71,4.6875,3.7921935368006947,3459.013432,28947.43775,47.7,NA,NA
Lesotho,LSO,2067813018.9946537,917.3563812584418,61.5615988642917,34.2274521982166,4.21094893749168,50.6594649749346,49.3405350250654,2254100,NA,NA,90,87,23.3333333333333,1.025642163169336,998.828453,4013.753971,27.5216836619161,72.3769216980118,65.3644097799695
Liberia,LBR,3039982500,597.5296918930478,55.168243397235,41.456589074835,3.37516752793,50.2425316220823,49.7574880336128,5087584,NA,NA,61,65,12.3287671232877,0.23183892393717725,338.868895,2155.394887,NA,NA,64.3034337744168
Libya,LBY,46808208746.08388,7034.658364332583,65.7951557137108,29.3998354659539,4.80500882033537,49.3539468784068,50.6460531215932,6653942,NA,NA,73,73,15.9574468085106,6.68280547080212,24033.12005,75370.28088,NA,NA,NA
Liechtenstein,LIE,6405870210.32293,165287.18676651176,66.8851274641346,14.6403137578698,18.4745587779957,50.402518319744,49.6000619258953,38756,NA,NA,NA,NA,12,3.663847997729384,2.588257,157.560064,100,NA,NA
Lithuania,LTU,56964942999.365135,20381.855782747818,64.5098610361822,15.070100644744,20.4200383190737,53.1534071064903,46.8465928935097,2794885,0.1,0.6,90,91,26.9503546099291,4.18400041504391,2998.360922,19784.73208,94.9237932740768,99.3242989856502,93.782780229154
Luxembourg,LUX,73699366700.21344,116905.37039685264,69.4608736206168,15.9809771422725,14.5581492371108,49.6823440392513,50.3176559607487,630419,0,0,99,99,30,12.456953232691275,555.763012,8813.977022,99.5200654420875,99.8,98.5952380952381
"Macao SAR, China",MAC,25343525935.835773,37474.73459459394,73.9855947879808,14.3349012173898,11.6795039946295,53.0292791627174,46.9707208372826,676283,NA,NA,NA,NA,NA,NA,NA,NA,100,100,NA
Madagascar,MDG,13051441203.947355,462.4042288183828,57.0341446757649,39.7196559603445,3.2461993638906,49.873033568576,50.1269628884878,28225177,NA,NA,55,68,17.8807947019868,0.09726954059490929,19021.93937,30566.42841,20.7635333183938,39.0309816470545,34.948545257621
Malawi,MWI,12056108778.31254,622.1845912707062,53.4832745408792,43.7277267247152,2.78899873440563,51.3922260966201,48.6077739033799,19377061,NA,NA,90,94,22.9166666666667,0.08463615818725037,4389.696958,11982.42756,16.4864046136865,50.9074560603552,66.967289727426
Malaysia,MYS,337456163961.2112,10164.344431072957,69.7111909029619,23.2770892451694,7.01171985186864,48.8368205378838,51.1631794621161,33199993,NA,NA,95,98,14.8648648648649,7.383715412229153,37175.59793,302088.6631,93.8182200650099,NA,90.197448124402
Maldives,MDV,3712604580.320812,7216.816371109468,73.8265835727532,21.7894090249943,4.38400740225256,42.2433801546542,57.7566198453458,514438,NA,NA,98,99,4.59770114942529,2.8263852981311643,137.66522,1994.511834,NA,NA,99.9190125
Mali,MLI,17465392764.370636,822.9061368321317,49.8961366450497,47.6079883942925,2.49587496065782,49.4990633263036,50.5009366736964,21224040,NA,NA,62,70,27.891156462585,0.19556597141731732,23070.48212,43491.51296,NA,NA,71.0587011756328
Malta,MLT,15252609039.074888,29597.63616285208,67.9599424089662,13.1987860865651,18.8412715044687,48.2086239080406,51.7913760919594,515332,0.1,0.5,95,98,13.4328358208955,3.125557892775919,228.28561,2082.169141,99.8076855516282,NA,100
Marshall Islands,MHL,240751144.40918,5545.600267412526,61.9692031280592,34.1195711011552,3.91122577078558,48.8885817612236,51.1137216962661,43413,NA,NA,89,82,6.06060606060606,2.5338032386612306,31.91103,164.923162,NA,NA,88.3371175513852
Mauritania,MRT,8260752385.230893,1836.2924109859177,54.31916815963,42.3760951593089,3.30473668106113,51.0421899771574,48.9578100228426,4498604,NA,NA,70,72,20.2614379084967,0.8551764058361215,6896.748571,14056.36818,NA,NA,52.4739033961944
Mauritius,MUS,11408106446.31438,9011.042884450235,71.1871569989078,17.0297285270962,11.783114473996,50.6196506779019,49.3802722702854,1266014,NA,NA,89,93,20,2.938514108058836,1973.725821,6435.739403,NA,NA,99.9929102227626
Mexico,MEX,1120741118380.2666,8894.890650036432,66.6419602489641,25.3368030520634,8.02123669897249,51.1204119242813,48.8795880757187,125998302,0.6,10,92,72,48.2,3.040766374772257,143480.8889,592321.1717,42.8921018203856,NA,96.7237740049409
"Micronesia, Fed. Sts.",FSM,408000000,3639.412698695877,63.2858041237573,31.1551961750657,5.55899970117701,49.6797673630314,50.3211246498849,112106,NA,NA,79,83,0,0.9589138850730559,52.686594,194.111345,NA,NA,NA
Moldova,MDA,11531967881.062355,4376.242493183393,66.9953647620125,19.6493213439759,13.3553138940116,52.4944024776593,47.5055975223407,2635130,NA,NA,84,86,24.7524752475248,3.2678463681108716,3287.202022,12985.65753,74.4959377621607,NA,86.4192805358073
Monaco,MCO,6739645416.479156,182537.38737010874,51.5370239965332,12.6130762147229,35.8498997887438,50.9912789123016,49.0087210876984,36922,NA,NA,88,99,33.3333333333333,NA,NA,NA,100,100,NA
Mongolia,MNG,13312981429.08905,4041.1741456436735,63.5377094314938,32.2020073854056,4.26028318310069,50.3361376423466,49.6638623576534,3294335,NA,NA,97,96,17.3333333333333,6.43064533509798,18159.40469,53921.45499,37.397381385685,49.3406878707031,56.8443179809354
Montenegro,MNE,4769996866.007579,7677.371321068167,65.8276203307381,18.2062562843029,15.966123384959,51.2571377700907,48.7427032595287,621306,0.8,5,24,84,22.2222222222222,4.06756091201437,783.237121,3764.437423,85.072199534961,87.31913,98.1618875437715
Morocco,MAR,121353645057.14369,3258.26904296875,65.7570777478881,27.0916484625276,7.15127378958437,49.6441145536296,50.3558854463704,36688772,NA,NA,99,99,20.5063291139241,1.8185263873099922,12029.80502,88027.79761,73.9121802066915,90.1022690054183,63.8387120737167
Mozambique,MOZ,14235420505.290434,456.58192899510567,53.5364024247809,43.8634715706682,2.6001260045508,50.948804388856,49.051195611144,31178239,NA,NA,81,79,42.4,0.22276755271521267,16255.45655,33749.36732,NA,NA,44.7569788541447
Myanmar,MMR,79045695084.50691,1479.6136892536256,68.4222329782654,25.1236148386325,6.45415218310218,50.1973356218772,49.8026643781228,53423198,NA,NA,91,84,16.8253968253968,0.6340803483909743,72110.01694,128949.3985,56.7710258366465,72.0587747003397,75.0798528148565
Namibia,NAM,10583748541.525812,4252.041720143527,59.7637176197964,36.2036368194422,4.03264556076137,51.7230739810164,48.2769260189836,2489098,NA,NA,90,93,43.2692307692308,1.588045147278251,5335.779671,13560.37867,NA,NA,73.3870852887646
Nauru,NRU,124685688.1610939,10124.700622094511,58.9118960617134,38.9687373122209,2.11936662606577,49.1270807957775,50.8810393828664,12315,NA,NA,98,95,10.5263157894737,3.361753958587089,4.291393,47.328063,NA,NA,NA
Nepal,NPL,33433659223.63493,1139.1898920394106,63.8443194660466,30.1158819096396,6.03979862431386,52.3642315533193,47.6357718539951,29348627,NA,NA,87,84,32.7272727272727,0.5093662473546038,23643.67208,45868.55644,17.7071179880758,24.805471743413,90.9477910746854
Netherlands,NLD,909793466661.4811,52162.570115040624,64.7526786957455,15.6002582801428,19.6470630241117,50.3174872754151,49.6825127245849,17441500,0,0.1,94,94,33.3333333333333,7.471553478771895,15200.5766,155912.4883,99.9702576817895,NA,100
New Caledonia,NCL,9454629467.914082,34877.63563491988,66.888614993558,22.7323037817341,10.3790812247078,50.1590416301505,49.8406092114957,271080,NA,NA,NA,NA,NA,NA,NA,NA,96.6382003261782,NA,NA
New Zealand,NZL,212569779569.51938,41760.59478400051,65.3534232993459,19.0681692154534,15.5784074852007,50.4487829108621,49.5512368475596,5090200,NA,NA,91,92,48.3333333333333,6.160799182743311,32241.937,80158.02583,99.1042880185472,NA,100
Nicaragua,NIC,12678162403.59288,1876.6073782367666,64.5395121934612,30.4021280376524,5.0583597688863,50.7193791496167,49.2806208503833,6755895,NA,NA,97,92,47.2527472527472,0.6782521042733789,9584.807309,18448.51145,55.5159170451418,67.3047578434431,59.1074466319594
Niger,NER,13744653102.99452,564.8416623175235,48.6159355083704,48.9484525711188,2.43561192051078,49.2785686514048,50.7214313485953,24333639,NA,NA,79,81,16.9590643274854,0.09032557769103092,28579.35341,44795.82741,NA,NA,39.6259274095367
Nigeria,NGA,432198898221.9667,2074.6137466742152,53.4955822386776,43.5018845540314,3.00253320729103,49.4818389352087,50.5181610647913,208327405,NA,NA,60,62,7.22222222222222,0.5375101753895509,151059.7744,322336.5011,27.853490832428,35.2161923278737,60.3535830134069
North Macedonia,MKD,12363580534.68112,5965.450231953645,69.2936738523541,16.1207708976224,14.5855552500235,50.1255760106713,49.87437662003,2072531,NA,NA,63,84,39.1666666666667,3.2794201872010595,2369.77411,9768.859944,80.3805030592556,84.6236462139475,97.46871456989
Northern Mariana Islands,MNP,858000000,17302.922136850386,69.0419771510391,22.1451403103667,8.81288253859417,46.2943916752375,53.7056083247625,49587,NA,NA,NA,NA,NA,NA,NA,NA,90.6391752577319,NA,NA
Norway,NOR,367633418886.62726,68340.01810337017,65.0589078966861,17.2111656129486,17.7299264903652,49.5687696230315,50.4312303769685,5379475,NA,NA,97,97,41.4201183431953,6.725080049633097,4342.761259,46116.8172,98.9316806552341,NA,100
Oman,OMN,75909397659.29779,16707.62300632143,71.6002019193342,25.6434693104732,2.75632877019262,37.9146537647255,62.0853462352745,4543399,NA,NA,99,99,2.32558139534884,15.636201002817495,19838.88305,95082.40834,90.5571638219463,NA,76.2507799139666
Pakistan,PAK,300425609817.9812,1322.3147853955404,58.553442363316,37.2723784741093,4.17417916257474,49.4642214079999,50.535778151853,227196741,NA,NA,83,80,20.1754385964912,0.8103602155103097,169428.2367,436608.9225,48.5468342411643,55.6138501592209,88.6786883856699
Palau,PLW,257885921.875,14349.316819218784,69.9616069441353,20.8852659692856,9.15312708657912,47.8243935010016,52.1756064989984,17972,NA,NA,93,96,6.25,8.802581793901624,19.526302,195.78888,87.9642432501855,95.1832755883078,99.304971643835
Panama,PAN,57086836900,13293.333195168774,64.9574625910765,26.6787777979979,8.36375961092554,49.9610655375052,50.0389344624948,4294396,NA,NA,80,74,22.5352112676056,2.2314430248165285,5047.340489,17231.02452,NA,NA,85.5400704653612
Papua New Guinea,PNG,23848445103.92275,2446.0846866061465,62.0495064433148,34.9169097525652,3.03358380411995,48.3112709802618,51.6887392765271,9749640,NA,NA,47,39,0,0.5632515662116755,10854.74217,18397.91713,NA,NA,42.1211197286806
Paraguay,PRY,35432178068.18139,5353.348064562786,64.6306258257859,29.2071397760435,6.16223439817064,49.7788612407733,50.2211538679453,6618695,0.2,6.9,80,79,16.25,1.14459119207034,30106.5439,50784.02825,64.084221431351,72.2064769603427,99.1112275316309
Peru,PER,201947615138.56744,6063.62692279047,65.0725950371773,26.6748703998912,8.25253456293149,50.4592287059542,49.5407682914716,33304756,1.8,17.2,77,72,26.1538461538462,1.3985660186190825,31679.81165,89865.35382,51.4062095308154,59.5068494959253,81.7467887785023
Philippines,PHL,361751145451.59674,3224.422811217668,63.8366365067102,30.9411761743497,5.22218731894015,49.2401746354344,50.7598262559029,112190977,NA,NA,72,71,27.9605263157895,1.1896794516728382,65722.00682,224971.7625,47.428127091221,61.72007063712,91.0619332247999
Poland,POL,599442783598.0636,15816.820402138195,66.2779564153475,15.3480034078472,18.3740401768053,51.6237406503311,48.3762619519133,37899070,0.1,0.4,80,90,28.695652173913,7.367563372927092,29540.38185,338383.8449,89.6191876786659,NA,83.5343700465432
Portugal,PRT,229031860520.77728,22242.406417971975,64.2076135406882,13.4956608643372,22.2967255949746,52.8084832755109,47.1915167244891,10297081,0.2,1,99,99,40,3.784907586917108,11383.20988,55640.70734,95.0144446619063,97.0880452208485,98.0033458678019
Puerto Rico,PRI,103130900000,31427.42911367988,64.3548216762959,13.9401347581562,21.7050435655479,52.6880415605502,47.31198900587,3281557,NA,NA,NA,NA,NA,NA,NA,NA,99.8731075904989,NA,NA
Qatar,QAT,144411363345.27032,52315.66007831166,83.3925158990503,15.3516629020952,1.25582119885451,27.3510398006075,72.6489601993925,2760385,NA,NA,90,89,9.75609756097561,31.726842451324725,30708.39042,119605.3672,96.6429334754782,NA,NA
Romania,ROU,251362514349.69714,13047.456656399327,65.2959873523551,16.0181197048859,18.6858929427591,51.6210954839199,48.37890451608,19265250,0.7,4.1,87,87,21.8844984802432,3.5641375014598826,16458.96123,95744.39542,81.9888316214229,94.9535041959628,100
Russian Federation,RUS,1493075894362.1426,10194.44140625,67.0134619314898,17.6804678846996,15.3060701838106,53.5473054858739,46.4526938273947,144073139,0,0.8,97,97,15.7777777777778,11.232288067243402,617227.2995,2331479.378,76.040643880787,NA,91.0148886650053
Rwanda,RWA,10172303393.061218,773.7732608505089,57.5710321064882,39.3268624174073,3.10210547610455,51.1412739128894,48.8587260871106,13146362,NA,NA,94,91,61.25,0.10512414004726174,2680.924714,6329.924675,NA,52.6326839046539,58.5001916804747
Samoa,WSM,868898358.2664367,4042.7227515432382,57.0605710244522,37.9252266440856,5.01420233146218,48.9910621647149,51.0094031052115,214929,NA,NA,66,89,10,0.9607823979081465,267.323935,538.887695,62.1070616668144,90.1915,96.9696443120858
San Marino,SMR,1541247883.9935052,45321.48922261609,66.9200458729085,13.3810686035228,19.6988855235687,51.2953215514453,48.7046784485547,34007,NA,NA,90,89,33.3333333333333,NA,NA,NA,100,NA,NA
Sao Tome and Principe,STP,471229484.6071443,2155.2658678250846,55.5975320273874,40.6138372949264,3.78863067768625,50.09490443238,49.9046381968615,218641,NA,NA,86,96,23.6363636363636,0.6453501401841375,11.596147,179.72515,35.8663794193322,40.1143954580673,70.7558271096838
Saudi Arabia,SAU,734271183944.9894,20398.06098709514,71.5622990420077,26.0410680508446,2.39663290714769,41.9763010399697,58.0236961820293,35997107,NA,NA,96,95,19.8675496688742,14.266585367540786,102630.5123,712585.402,NA,NA,100
Senegal,SEN,24530513037.751846,1492.4759029352333,54.7617746767485,42.0651163413263,3.17310898192517,50.8586819760381,49.1413180239619,16436120,NA,NA,88,91,43.030303030303,0.649800561203009,11762.77345,30293.27863,26.0601472837414,41.0417789475739,73.4235125531522
Serbia,SRB,53356484591.43781,7733.803468937633,65.1256872702375,14.1296665420631,20.7446461876994,52.0617205343024,47.9382794656976,6899126,0.8,3.6,78,92,38.8,6.714517172175142,11734.80539,62883.94612,75.0059465921081,81.5174691439818,95.8449747538379
Seychelles,SYC,1183515314.034781,12020.021064317005,69.123945797403593,23.2379418174927,7.63811238510376,47.3258788969961,52.6741211030039,98462,NA,NA,97,97,24.2424242424242,6.080518372570129,94.696179,770.061638,NA,NA,NA
Sierra Leone,SLE,4062906265.7332044,493.4322405514235,57.0676686296119,39.7851741149668,3.14715725542131,49.9054890897101,50.0945230550998,8233970,NA,NA,87,91,12.3287671232877,0.12727760727814164,3591.093856,5952.4739,9.71431305077627,12.1127124282552,51.3709464358619
Singapore,SGP,348392090695.2169,61273.99165944551,74.6939758991294,12.1518250106876,13.154199090183,47.7143740411166,52.2856259588834,5685807,NA,NA,97,98,29.4736842105263,7.6866837020672705,4347.650851,64266.74268,100,100,NA
Sint Maarten (Dutch part),SXM,1236428075.4211228,29223.069615247525,78.5862476072579,12.475499467006,8.93825292573616,46.6335022122372,53.3664977877628,42310,NA,NA,NA,NA,NA,NA,NA,NA,NA,NA,NA
Slovak Republic,SVK,106731482855.49602,19552.09110959113,67.3338580112946,15.8419573951599,16.8241845935455,51.1668173382318,48.8331826617682,5458827,0.1,0.6,96,97,22.6666666666667,5.3190548079285165,4410.301876,35984.33182,99.1135332662023,NA,100
Slovenia,SVN,53734526854.22894,25558.429054450586,64.6964476037251,15.2025532184162,20.1009991778588,49.8027758246086,50.1972241753914,2102419,0,0,94,95,27.7777777777778,5.934735178858258,1697.1412,15286.67677,98.2743209096652,NA,NA
Solomon Islands,SLB,1536145814.1700656,2222.462118531731,56.9651926639617,39.5719414546352,3.46286588140317,48.8938658055443,51.1061341944557,691191,NA,NA,81,94,6.38297872340426,0.32306554917526414,416.003048,835.240357,NA,NA,59.4052674933718
Somalia,SOM,9204140383.175072,556.5780660292686,50.0444472583339,47.3397119329059,2.6158408087602,49.8671828097645,50.1328111431954,16537016,NA,NA,46,42,24.3636363636364,0.039934653265135615,18752.05737,26272.10205,NA,NA,37.0758628186184
South Africa,ZAF,338291396025.9558,5753.066494333694,65.2597929763407,28.7396723302935,6.00053469336587,51.394817384131,48.605182615869,58801927,NA,NA,84,84,46.75,6.687563147377806,72213.21514,501520.8805,NA,81.5780473797267,82.8875079600746
South Sudan,SSD,NA,NA,51.7018775856862,45.4975223517279,2.80060006258588,50.5189545726298,49.4810454273702,10606227,NA,NA,69,67,28.4595300261097,0.1643091365100898,32385.92039,56051.36036,NA,NA,33.5936288141032
Spain,ESP,1278128867875.49,26984.296277027945,65.9318580535555,14.3956333577662,19.6725085886783,50.9905590992717,49.0094409007283,47365655,0.5,1.4,96,94,44,4.2795945712140995,39703.22586,270310.9717,99.5614800334883,99.7813502450769,100
Sri Lanka,LKA,84440516486.1099,3852.3890910219397,65.6098081519803,23.5872127477129,10.8029791003068,51.8022154098541,48.1977845901459,21919000,NA,NA,96,96,5.38116591928251,0.9966832428486702,8377.671174,35117.25456,47.5914243025232,87.4722290136969,86.6051399791266
St. Kitts and Nevis,KNA,883933333.3333333,18553.657137259837,70.7781917405678,20.0272865613685,9.1945216980637,51.5721422274464,48.4278577725536,47642,NA,NA,95,99,25,4.84866294446077,82.070818,334.464112,NA,NA,NA
St. Lucia,LCA,1604444444.4444444,8951.524765781867,72.5106214415033,18.5729469165042,8.91643164199256,50.4421520110245,49.5578479889755,179237,NA,NA,89,86,16.6666666666667,2.785139229065427,272.859517,850.806942,NA,NA,96.8140238277138
St. Martin (French part),MAF,NA,NA,66.9508186649464,23.1960188001106,9.85316253494302,52.4559948391853,47.5440051608147,32553,NA,NA,NA,NA,NA,NA,NA,NA,96.6350935573213,96.6350935573213,NA
St. Vincent and the Grenadines,VCT,869111111.111111,8306.360493072014,67.0465677490264,22.2784507681648,10.6749814828089,48.9324489639881,51.0685067665724,104632,NA,NA,99,97,18.1818181818182,2.1006957718480006,67.776175,302.420156,NA,NA,NA
Sudan,SDN,27034593750,608.33251953125,55.4843628397763,41.1776527376411,3.3379844225826,50.0243246664764,49.9756753335236,44440486,NA,NA,86,90,NA,0.4679539283166255,55887.39611,107114.2127,NA,NA,57.0893451314156
Suriname,SUR,2911807496.2022653,4796.533313899278,66.1170550105837,26.7681385024668,7.1148064869495,50.1443832209071,49.8556167790928,607065,NA,NA,45,51,29.4117647058824,4.285076556876117,1415.671617,4312.425111,55.7604344745866,63.4127012869624,96.5744126253473
Sweden,SWE,547054174235.87585,52837.9039778149,62.22232112844,17.7450854687151,20.0325934028449,49.6666737069037,50.3333262930963,10353442,0.3,0.5,97,97,46.9914040114613,3.242989143127474,4792.09356,45458.82211,99.7280724118451,NA,99.5331732707427
Switzerland,CHE,741999406005.6272,85897.7843338323,66.2144142815519,15.0597381778765,18.7258475405716,50.385507488297,49.6145040876354,8638167,0,0.1,97,96,41.5,4.042072814753408,4975.239558,43987.63547,96.6999976825074,NA,100
Syrian Arab Republic,SYR,11156757922.038454,537.0902346114414,60.9797413135012,34.4690845205165,4.55117416598229,49.8971409205253,50.1028638935097,20772595,NA,NA,59,49,11.2,1.2148024837532334,15963.67267,47112.47483,NA,NA,92.0250049576932
Tajikistan,TJK,8133963813.070248,852.3302295622685,60.2694041950468,36.4944090597637,3.23618674518954,49.6868295951246,50.3131599262177,9543207,NA,NA,98,97,23.8095238095238,0.9775330242758015,5520.881442,17692.28592,55.2368645269544,NA,76.6435992040191
Tanzania,TZA,66068737786.06392,1104.16442871094,52.9949476309012,43.8773745870602,3.12767778203859,50.6106603085369,49.3893396914631,61704518,NA,NA,84,86,36.71875,0.23394559212017504,46487.36706,89255.44823,10.7083821320859,24.9489201431857,46.0591232859248
Thailand,THA,500457264955.7628,7001.785460233889,70.083656934732,16.0659765534604,13.8503665118077,51.3548177740608,48.6451822259392,71475664,0,2.6,96,97,15.7464212678937,3.714255806004125,75892.78006,433773.458,NA,NA,100
Timor-Leste,TLS,2162619200,1663.5596290754963,58.6828795495367,35.945061327159,5.37205912330432,49.0019576998373,50.9980423001627,1299995,NA,NA,79,86,38.4615384615385,0.34315516598140766,4794.894791,5537.128706,NA,NA,78.2675330824051
Togo,TGO,7486031561.868847,886.6995115081938,56.4440194821962,40.497827678269,3.05815283953483,49.7421049015822,50.2578950984178,8442580,NA,NA,69,82,18.6813186813187,0.2860618436544279,3039.881913,8395.488807,18.8410171736911,33.7100786010787,55.6427095477476
Tonga,TON,484796854.9187562,4605.970841191367,58.744085735459,35.073726414198,6.18218785034298,50.5073441389401,49.4926558610599,105254,NA,NA,99,99,7.40740740740741,1.1220476181427785,92.338189,268.338502,29.4929646634957,50.6929917220873,98.5365332282492
Trinidad and Tobago,TTO,20807571314.304337,13705.900228570972,69.8010139993031,19.5245585572412,10.6744274434557,50.6520119593162,49.3479221709097,1518147,NA,NA,91,96,26.1904761904762,10.15711917225407,6667.330375,26480.71295,NA,NA,NA
Tunisia,TUN,42538289933.21618,3497.719026589915,66.4714366541649,24.9500708082235,8.57849253761165,50.5594067551119,49.4405932448881,12161723,NA,NA,98,97,24.8847926267281,2.408622528238803,6653.819385,40882.99745,73.9069254924488,77.3032747287411,92.1164368749041
Turkiye,TUR,720338498174.7438,8638.739132592988,68.1068441709647,23.7110603615819,8.18209546745335,49.8630065802958,50.1369922311443,83384680,0.1,2.8,95,98,17.3174872665535,4.885863926083305,50444.76645,504956.3259,NA,NA,96.0251697702089
Turkmenistan,TKM,45818000000,7330.366287930542,64.0515352684084,31.2326832135604,4.71578151803122,50.464975414523,49.5350405843558,6250438,NA,NA,98,98,25,10.184086299232149,124818.6445,194091.8305,94.83423669476,97.0826470588235,100
Turks and Caicos Islands,TCA,924583000,20882.261270214112,73.2115230426976,16.813659616275,9.97481734102741,49.5799078507544,50.4223507091878,44276,NA,NA,NA,NA,NA,NA,NA,NA,47.1253369866336,46.542834789086,91.78810634106
Tuvalu,TUV,51746594.31485426,4674.911402552557,62.399494082573,31.606287830879,5.99421808654802,48.4867648387388,51.5132351612612,11069,NA,NA,93,95,6.25,0.5962598247357485,11.574492,21.742689,8.62597716843471,10.4611789594619,99.6736005117676
Uganda,UGA,37605430214.351875,846.8811992149166,52.6650768317732,45.6701073228634,1.66481584536345,50.5161952662979,49.4838024816837,44404611,NA,NA,89,89,34.8583877995643,0.12779303482694623,21178.67916,39280.05175,16.7450812444467,42.3484895626588,48.2076478047763
Ukraine,UKR,156617722013.3422,3751.7373046875,67.4827124911094,15.3272298253506,17.1900576835399,53.6955667118944,46.3044355655085,44132049,0,1.3,85,81,20.8037825059102,3.7538161892279236,32317.87499,227341.5857,87.9774978969878,88.3306839025631,99.6138512373453
United Arab Emirates,ARE,349473015336.9394,37629.17416879559,83.4050388654859,14.9409854694949,1.65397566501915,30.277091624908,69.722908375092,9287289,NA,NA,99,90,50,20.252271680142616,56944.70537,249927.7494,NA,NA,100
United Kingdom,GBR,2697806592293.8604,40217.00901169857,63.4891380150104,17.7883500845831,18.7225119004065,50.6074592830835,49.3925407169164,67081234,0.3,0.6,91,93,33.8461538461538,4.601142250901347,50415.67463,398323.6546,99.8284052845126,NA,100
United States,USA,21060473613000,63528.63430275085,65.2652503157439,18.5113495341764,16.2234001500798,50.4365621109903,49.5634381866801,331511512,0.2,0.6,91,93,27.4647887323944,13.032827951989795,748241.4029,5505180.89,97.1649574893557,97.416931866832,99.3587560780984
Uruguay,URY,53666908053.76546,15650.499303244496,64.8650157993973,19.7968321883977,15.338152012205,51.5857869998011,48.4142421624888,3429086,0.1,1.7,95,92,21.2121212121212,1.899719050499171,20393.59933,35994.19321,NA,94.5887445887446,95.30083
Uzbekistan,UZB,60224701296.78847,1759.3074705367767,65.3623781423,29.7700920460112,4.8675298116888,49.9755090397324,50.0244939429688,34232050,NA,NA,99,95,32,3.376303785487577,53601.94309,187520.3945,77.7884749182579,88.6444066496267,94.0499598896116
Vanuatu,VUT,909421043.508407,2917.7568490893273,56.5293485409949,39.7572870045078,3.71336445449733,49.6985738806808,50.3014261193192,311685,NA,NA,78,78,0,0.3891749683173717,374.327533,588.659649,NA,56.1173330177778,87.6036584822191
"Venezuela, RB",VEN,NA,NA,63.5214125320961,28.4842447313097,7.99434273659421,50.4614440493452,49.5385594606025,28490453,NA,NA,76,54,22.1556886227545,2.545027978319615,97594.23488,194259.7019,NA,NA,NA
Viet Nam,VNM,346615738537.7963,3586.3471762476265,68.8794569159397,22.693134535111,8.42740854894926,50.6189266827583,49.3810733172417,96648685,0.1,5.5,97,94,26.7206477732794,3.6764400881398434,79619.23803,470578.1002,56.7303498221906,75.5579275757868,95.3799631127256
Virgin Islands (U.S.),VIR,4189000000,39411.0452535516,61.0911715658212,19.2642556686662,19.6445727655126,53.0863582963302,46.9146373031202,106290,NA,NA,NA,NA,NA,NA,NA,NA,97.9359935454068,NA,NA
West Bank and Gaza,PSE,15531700000,3233.5686383585844,57.0909201027254,39.4767782573281,3.43230163994652,50.1410427260145,49.8589572739855,4803269,NA,NA,99,98,NA,NA,NA,NA,79.6989458183278,80.9328703641541,98.7155564150876
"Yemen, Rep.",YEM,NA,578.5120104633235,57.0927069843214,40.1889084811258,2.71838453455283,49.4456828614357,50.5543171385644,32284046,NA,NA,68,72,0.332225913621262,0.3085146143082562,10542.15376,24391.15073,NA,NA,50.6813343651152
Zambia,ZMB,18110638269.223778,956.8317289870319,54.5897669105859,43.6803729346094,1.72986015480474,50.6616989953621,49.3383010046379,18927715,NA,NA,96,84,16.7664670658683,0.4019027125038601,15448.75233,36107.82044,NA,45.4757775068295,51.1156075207048
Zimbabwe,ZWE,21509698406.66182,1372.6966743682872,55.4676532352381,41.1560846287343,3.37626213602766,52.8693272721959,47.1306791095611,15669666,NA,NA,85,86,31.8518518518519,0.530483547000938,12060.82302,25988.12599,26.5738460316127,55.3914302646078,48.282428853497
